age,monthly_charges,tenure,total_charges,churn
-0.9805806756909206,-0.26726124191242395,-0.392232270276368,-0.443079020497369,0
1.3728129459672882,1.336306209562122,1.3728129459672882,1.3846219390542782,1
-0.3922322702763684,-1.0690449676496971,-0.98058067569092,-0.9415429185569092,0
